[{"authors":["admin"],"categories":null,"content":"Nelson Bighetti is a professor of artificial intelligence at the Stanford AI Lab. His research interests include distributed robotics, mobile computing and programmable matter. He leads the Robotic Neurobiology group, which develops self-reconfiguring robots, systems of self-organizing robots, and mobile sensor networks.\nLorem ipsum dolor sit amet, consectetur adipiscing elit. Sed neque elit, tristique placerat feugiat ac, facilisis vitae arcu. Proin eget egestas augue. Praesent ut sem nec arcu pellentesque aliquet. Duis dapibus diam vel metus tempus vulputate.\n","date":-62135596800,"expirydate":-62135596800,"kind":"taxonomy","lang":"en","lastmod":1574606542,"objectID":"2525497d367e79493fd32b198b28f040","permalink":"https://festive-colden-50957c.netlify.com/authors/admin/","publishdate":"0001-01-01T00:00:00Z","relpermalink":"/authors/admin/","section":"authors","summary":"Nelson Bighetti is a professor of artificial intelligence at the Stanford AI Lab. His research interests include distributed robotics, mobile computing and programmable matter. He leads the Robotic Neurobiology group, which develops self-reconfiguring robots, systems of self-organizing robots, and mobile sensor networks.","tags":null,"title":"Nelson Bighetti","type":"authors"}]