<?xml version="1.0" encoding="utf-8" standalone="yes"?><rss version="2.0" xmlns:atom="http://www.w3.org/2005/Atom"><channel><title>Categories | Academic</title><link>https://festive-colden-50957c.netlify.com/categories/</link><atom:link href="https://festive-colden-50957c.netlify.com/categories/index.xml" rel="self" type="application/rss+xml"/><description>Categories</description><generator>Source Themes Academic (https://sourcethemes.com/academic/)</generator><language>en-us</language><image><url>img/map[gravatar:%!s(bool=false) shape:circle]</url><title>Categories</title><link>https://festive-colden-50957c.netlify.com/categories/</link></image></channel></rss>